{
  "id": "token-replacer-fa",
  "title": "Token Replacer - Forgotten Adventures",
  "description": "Automatically replaces NPC token art with matching tokens from Forgotten Adventures and The Forge Bazaar using fuzzy search.",
  "version": "2.5.2",
  "compatibility": {
    "minimum": "12",
    "verified": "13"
  },
  "authors": [
    {
      "name": "Aiacos"
    }
  ],
  "relationships": {
    "systems": [
      {
        "id": "dnd5e",
        "type": "system",
        "compatibility": {
          "minimum": "3.0.0"
        }
      }
    ],
    "requires": [
      {
        "id": "token-variants",
        "type": "module",
        "reason": "Required for searching token artwork"
      }
    ],
    "optional": [
      {
        "id": "fa-nexus",
        "type": "module",
        "reason": "Enables searching Forgotten Adventures token library"
      }
    ]
  },
  "esmodules": [
    "scripts/main.js"
  ],
  "styles": [
    "styles/styles.css"
  ],
  "languages": [
    {
      "lang": "en",
      "name": "English",
      "path": "lang/en.json"
    },
    {
      "lang": "it",
      "name": "Italiano",
      "path": "lang/it.json"
    }
  ],
  "url": "https://github.com/Aiacos/token-replacer-fa",
  "bugs": "https://github.com/Aiacos/token-replacer-fa/issues",
  "manifest": "https://github.com/Aiacos/token-replacer-fa/releases/latest/download/module.json",
  "download": "https://github.com/Aiacos/token-replacer-fa/releases/latest/download/token-replacer-fa.zip"
}
